{"cameraMode":{"drawMode":0,"name":"Shaded","section":"Shading Mode"},"sceneLighting":true,"audioPlay":false,"sceneViewState":{"showFog":false,"showMaterialUpdate":false,"showSkybox":false,"showFlares":false,"showImageEffects":false,"showParticleSystems":false},"in2DMode":false,"pivot":{"x":2.9953598976135256,"y":2.4655075073242189,"z":1.0861949920654297},"rotation":{"x":0.17183880507946015,"y":-0.27604612708091738,"z":0.05023222416639328,"w":0.9443234205245972},"size":2275.8955078125,"orthographic":false}